source_file,output_index,output_file,original_width_px,original_height_px,crop_left_px,crop_top_px,crop_right_px,crop_bottom_px,output_width_px,output_height_px,dpi,output_format,pre_match_mean_luminance_0_255,pre_match_median_luminance_0_255,matching_metric_used,pre_match_luminance_used_for_matching_0_255,target_luminance_0_255,full_brightness_multiplier_not_used,unclamped_partial_multiplier,brightness_multiplier_applied,brightness_multiplier_was_clamped,correction_strength,min_brightness_multiplier,max_brightness_multiplier,contrast_multiplier,post_match_mean_luminance_0_255,post_match_median_luminance_0_255,target_Lstar_approx
a2.jpg,1,bandit_001.jpg,3000,2000,0,0,3000,2000,3000,2000,300,JPEG,90.189,94.186,median,94.186,97.132,1.031276,1.018766,1.018766,False,0.6,0.85,1.2,1.0,91.411,95.343,68.088
a3.jpg,2,bandit_002.jpg,3000,2000,0,0,3000,2000,3000,2000,300,JPEG,90.134,78.402,median,78.402,97.132,1.238903,1.143342,1.143342,False,0.6,0.85,1.2,1.0,102.306,89.152,68.088
AdobeStock_104124915.jpeg,3,bandit_003.jpg,3072,3607,0,779,3072,2827,3000,2000,300,JPEG,116.691,107.076,median,107.076,97.132,0.90713,0.944278,0.944278,False,0.6,0.85,1.2,1.0,109.68,100.816,68.088
AdobeStock_104811429.jpeg,4,bandit_004.jpg,3761,2492,11,0,3749,2492,3000,2000,300,JPEG,92.128,79.147,median,79.147,97.132,1.227241,1.136345,1.136345,False,0.6,0.85,1.2,1.0,103.806,89.584,68.088
AdobeStock_107199932.jpeg,5,bandit_005.jpg,4608,3072,0,0,4608,3072,3000,2000,300,JPEG,85.787,48.9,median,48.9,97.132,1.986331,1.591799,1.2,True,0.6,0.85,1.2,1.0,100.569,58.308,68.088
AdobeStock_1082794144.jpeg,6,bandit_006.jpg,6000,3999,1,0,5999,3999,3000,2000,300,JPEG,128.891,130.349,median,130.349,97.132,0.74517,0.847102,0.85,True,0.6,0.85,1.2,1.0,109.082,110.301,68.088
AdobeStock_108288828.jpeg,7,bandit_007.jpg,5243,3292,152,0,5090,3292,3000,2000,300,JPEG,49.753,32.799,median,32.799,97.132,2.96145,2.17687,1.2,True,0.6,0.85,1.2,1.0,58.709,38.854,68.088
AdobeStock_109812700.jpeg,8,bandit_008.jpg,6000,4000,0,0,6000,4000,3000,2000,300,JPEG,135.444,143.831,median,143.831,97.132,0.675318,0.805191,0.85,True,0.6,0.85,1.2,1.0,114.654,121.772,68.088
AdobeStock_111531063.jpeg,9,bandit_009.jpg,5616,3744,0,0,5616,3744,3000,2000,300,JPEG,113.815,107.522,median,107.522,97.132,0.903372,0.942023,0.942023,False,0.6,0.85,1.2,1.0,106.704,100.781,68.088
AdobeStock_112274430.jpeg,10,bandit_010.jpg,5760,3840,0,0,5760,3840,3000,2000,300,JPEG,145.224,146.738,median,146.738,97.132,0.661942,0.797165,0.85,True,0.6,0.85,1.2,1.0,122.964,124.336,68.088
AdobeStock_112274627.jpeg,11,bandit_011.jpg,5760,3840,0,0,5760,3840,3000,2000,300,JPEG,84.71,57.0,median,57.0,97.132,1.70407,1.422442,1.2,True,0.6,0.85,1.2,1.0,98.517,67.948,68.088
AdobeStock_113056030.jpeg,12,bandit_012.jpg,3369,3369,0,561,3369,2807,3000,2000,300,JPEG,97.283,87.732,median,87.732,97.132,1.107139,1.064284,1.064284,False,0.6,0.85,1.2,1.0,102.529,92.903,68.088
AdobeStock_113056681.jpeg,13,bandit_013.jpg,5439,3744,0,59,5439,3685,3000,2000,300,JPEG,104.615,91.506,median,91.506,97.132,1.061482,1.036889,1.036889,False,0.6,0.85,1.2,1.0,107.906,94.476,68.088
AdobeStock_121919997.jpeg,14,bandit_014.jpg,5616,3744,0,0,5616,3744,3000,2000,300,JPEG,157.05,168.843,median,168.843,97.132,0.57528,0.745168,0.85,True,0.6,0.85,1.2,1.0,133.016,143.106,68.088
AdobeStock_123498535.jpeg,15,bandit_015.jpg,5616,3744,0,0,5616,3744,3000,2000,300,JPEG,82.05,78.585,median,78.585,97.132,1.236015,1.141609,1.141609,False,0.6,0.85,1.2,1.0,92.904,89.276,68.088
AdobeStock_123949075.jpeg,16,bandit_016.jpg,5000,3298,26,0,4973,3298,3000,2000,300,JPEG,165.139,186.039,median,186.039,97.132,0.522104,0.713263,0.85,True,0.6,0.85,1.2,1.0,139.885,157.695,68.088
AdobeStock_127362336.jpeg,17,bandit_017.jpg,3840,5760,0,1600,3840,4160,3000,2000,300,JPEG,111.207,110.38,median,110.38,97.132,0.879981,0.927989,0.927989,False,0.6,0.85,1.2,1.0,102.689,101.882,68.088
AdobeStock_127362693.jpeg,18,bandit_018.jpg,5760,3840,0,0,5760,3840,3000,2000,300,JPEG,98.276,91.464,median,91.464,97.132,1.06197,1.037182,1.037182,False,0.6,0.85,1.2,1.0,101.414,94.389,68.088
AdobeStock_127382341.jpeg,19,bandit_019.jpg,5658,3773,0,0,5658,3772,3000,2000,300,JPEG,99.788,91.151,median,91.151,97.132,1.065614,1.039368,1.039368,False,0.6,0.85,1.2,1.0,103.165,94.336,68.088
AdobeStock_130542757.jpeg,20,bandit_020.jpg,5760,3840,0,0,5760,3840,3000,2000,300,JPEG,68.295,57.998,median,57.998,97.132,1.674742,1.404845,1.2,True,0.6,0.85,1.2,1.0,81.394,69.125,68.088
AdobeStock_133617244.jpeg,21,bandit_021.jpg,3960,2640,0,0,3960,2640,3000,2000,300,JPEG,94.781,80.907,median,80.907,97.132,1.200536,1.120322,1.120322,False,0.6,0.85,1.2,1.0,104.595,90.218,68.088
AdobeStock_134319674.jpeg,22,bandit_022.jpg,5200,3471,0,2,5200,3469,3000,2000,300,JPEG,96.501,104.159,median,104.159,97.132,0.932539,0.959524,0.959524,False,0.6,0.85,1.2,1.0,92.092,99.451,68.088
AdobeStock_137553424.jpeg,23,bandit_023.jpg,4185,2785,3,0,4181,2785,3000,2000,300,JPEG,53.371,26.108,median,26.108,97.132,3.720421,2.632252,1.2,True,0.6,0.85,1.2,1.0,62.837,30.614,68.088
AdobeStock_143814801.jpeg,24,bandit_024.jpg,6720,4218,196,0,6523,4218,3000,2000,300,JPEG,68.074,45.654,median,45.654,97.132,2.12755,1.67653,1.2,True,0.6,0.85,1.2,1.0,80.528,54.372,68.088
AdobeStock_143815001.jpeg,25,bandit_025.jpg,6720,4480,0,0,6720,4480,3000,2000,300,JPEG,96.228,95.15,median,95.15,97.132,1.020831,1.012499,1.012499,False,0.6,0.85,1.2,1.0,96.985,96.089,68.088
AdobeStock_143815845.jpeg,26,bandit_026.jpg,6720,4480,0,0,6720,4480,3000,2000,300,JPEG,70.019,56.152,median,56.152,97.132,1.729811,1.437887,1.2,True,0.6,0.85,1.2,1.0,82.227,66.944,68.088
AdobeStock_1472896341.jpeg,27,bandit_027.jpg,5954,3970,0,0,5954,3969,3000,2000,300,JPEG,91.464,72.772,median,72.772,97.132,1.334744,1.200846,1.2,True,0.6,0.85,1.2,1.0,108.219,86.826,68.088
AdobeStock_153664577.jpeg,28,bandit_028.jpg,5760,3840,0,0,5760,3840,3000,2000,300,JPEG,162.771,183.749,median,183.749,97.132,0.528614,0.717168,0.85,True,0.6,0.85,1.2,1.0,137.877,155.623,68.088
AdobeStock_158911633.jpeg,29,bandit_029.jpg,8688,5792,0,0,8688,5792,3000,2000,300,JPEG,111.286,110.934,median,110.934,97.132,0.875584,0.92535,0.92535,False,0.6,0.85,1.2,1.0,102.47,102.3,68.088
AdobeStock_167442756.jpeg,30,bandit_030.jpg,5184,3456,0,0,5184,3456,3000,2000,300,JPEG,155.751,161.38,median,161.38,97.132,0.601882,0.761129,0.85,True,0.6,0.85,1.2,1.0,131.913,136.747,68.088
AdobeStock_168309033.jpeg,31,bandit_031.jpg,6000,4000,0,0,6000,4000,3000,2000,300,JPEG,91.756,92.825,median,92.825,97.132,1.046395,1.027837,1.027837,False,0.6,0.85,1.2,1.0,93.919,95.133,68.088
AdobeStock_169292920.jpeg,32,bandit_032.jpg,5472,3648,0,0,5472,3648,3000,2000,300,JPEG,127.774,133.893,median,133.893,97.132,0.725442,0.835265,0.85,True,0.6,0.85,1.2,1.0,108.131,113.369,68.088
AdobeStock_176261134.jpeg,33,bandit_033.jpg,6144,4096,0,0,6144,4096,3000,2000,300,JPEG,85.18,71.364,median,71.364,97.132,1.361071,1.216642,1.2,True,0.6,0.85,1.2,1.0,101.205,85.236,68.088
AdobeStock_180574252.jpeg,34,bandit_034.jpg,6182,4125,0,2,6182,4123,3000,2000,300,JPEG,99.9,99.595,median,99.595,97.132,0.975268,0.985161,0.985161,False,0.6,0.85,1.2,1.0,97.84,97.457,68.088
AdobeStock_182156131.jpeg,35,bandit_035.jpg,6085,4057,0,0,6085,4057,3000,2000,300,JPEG,123.411,132.359,median,132.359,97.132,0.733852,0.840311,0.85,True,0.6,0.85,1.2,1.0,104.423,112.002,68.088
AdobeStock_185354653.jpeg,36,bandit_036.jpg,7000,4667,0,0,7000,4667,3000,2000,300,JPEG,82.774,43.512,median,43.512,97.132,2.232324,1.739394,1.2,True,0.6,0.85,1.2,1.0,97.446,51.791,68.088
AdobeStock_189224200.jpeg,37,bandit_037.jpg,8688,5792,0,0,8688,5792,3000,2000,300,JPEG,101.055,87.166,median,87.166,97.132,1.114334,1.0686,1.0686,False,0.6,0.85,1.2,1.0,107.144,92.445,68.088
AdobeStock_190270812.jpeg,38,bandit_038.jpg,5564,3709,0,0,5564,3709,3000,2000,300,JPEG,138.469,137.882,median,137.882,97.132,0.704457,0.822674,0.85,True,0.6,0.85,1.2,1.0,117.224,116.669,68.088
AdobeStock_190679947.jpeg,39,bandit_039.jpg,8688,5792,0,0,8688,5792,3000,2000,300,JPEG,74.532,51.728,median,51.728,97.132,1.87773,1.526638,1.2,True,0.6,0.85,1.2,1.0,88.283,61.588,68.088
AdobeStock_190817824.jpeg,40,bandit_040.jpg,8688,5792,0,0,8688,5792,3000,2000,300,JPEG,91.188,85.381,median,85.381,97.132,1.137635,1.082581,1.082581,False,0.6,0.85,1.2,1.0,98.078,92.1,68.088
AdobeStock_194434516.jpeg,41,bandit_041.jpg,4467,2978,0,0,4467,2978,3000,2000,300,JPEG,127.6,132.473,median,132.473,97.132,0.73322,0.839932,0.85,True,0.6,0.85,1.2,1.0,107.984,112.198,68.088
AdobeStock_196140867.jpeg,42,bandit_042.jpg,5760,3840,0,0,5760,3840,3000,2000,300,JPEG,115.642,119.194,median,119.194,97.132,0.814905,0.888943,0.888943,False,0.6,0.85,1.2,1.0,102.347,105.556,68.088
AdobeStock_196386638.jpeg,43,bandit_043.jpg,7060,4712,0,2,7060,4709,3000,2000,300,JPEG,135.452,141.793,median,141.793,97.132,0.685026,0.811015,0.85,True,0.6,0.85,1.2,1.0,114.66,120.059,68.088
AdobeStock_2030005897.jpeg,44,bandit_044.jpg,5504,3072,448,0,5056,3072,3000,2000,300,JPEG,94.883,78.049,median,78.049,97.132,1.244497,1.146698,1.146698,False,0.6,0.85,1.2,1.0,106.822,89.145,68.088
AdobeStock_205220760.jpeg,45,bandit_045.jpg,5616,3744,0,0,5616,3744,3000,2000,300,JPEG,93.114,76.331,median,76.331,97.132,1.272517,1.16351,1.16351,False,0.6,0.85,1.2,1.0,106.682,88.471,68.088
AdobeStock_209775206.jpeg,46,bandit_046.jpg,5254,3060,332,0,4922,3060,3000,2000,300,JPEG,90.641,66.735,median,66.735,97.132,1.455484,1.27329,1.2,True,0.6,0.85,1.2,1.0,107.295,79.739,68.088
AdobeStock_210074092.jpeg,47,bandit_047.jpg,4966,3392,0,40,4966,3351,3000,2000,300,JPEG,40.55,21.776,median,21.776,97.132,4.460548,3.076329,1.2,True,0.6,0.85,1.2,1.0,47.653,25.643,68.088
AdobeStock_221637555.jpeg,48,bandit_048.jpg,5547,3698,0,0,5547,3698,3000,2000,300,JPEG,151.239,156.407,median,156.407,97.132,0.621022,0.772613,0.85,True,0.6,0.85,1.2,1.0,128.076,132.366,68.088
AdobeStock_222166807.jpeg,49,bandit_049.jpg,4531,3102,0,40,4531,3061,3000,2000,300,JPEG,79.599,55.684,median,55.684,97.132,1.744355,1.446613,1.2,True,0.6,0.85,1.2,1.0,94.41,66.39,68.088
AdobeStock_225554667.jpeg,50,bandit_050.jpg,6000,4000,0,0,6000,4000,3000,2000,300,JPEG,85.962,66.551,median,66.551,97.132,1.459512,1.275707,1.2,True,0.6,0.85,1.2,1.0,101.137,79.437,68.088
AdobeStock_230034057.jpeg,51,bandit_051.jpg,4977,3318,0,0,4977,3318,3000,2000,300,JPEG,28.809,3.642,median,3.642,97.132,26.671426,16.402855,1.2,True,0.6,0.85,1.2,1.0,33.661,3.927,68.088
AdobeStock_234200318.jpeg,52,bandit_052.jpg,8500,4160,1130,0,7370,4160,3000,2000,300,JPEG,60.471,45.231,median,45.231,97.132,2.147465,1.688479,1.2,True,0.6,0.85,1.2,1.0,71.847,53.874,68.088
AdobeStock_239687801.jpeg,53,bandit_053.jpg,5616,3744,0,0,5616,3744,3000,2000,300,JPEG,145.983,159.184,median,159.184,97.132,0.610185,0.766111,0.85,True,0.6,0.85,1.2,1.0,123.609,134.846,68.088
AdobeStock_242117284.jpeg,54,bandit_054.jpg,5300,3533,0,0,5300,3533,3000,2000,300,JPEG,99.143,80.828,median,80.828,97.132,1.201718,1.121031,1.121031,False,0.6,0.85,1.2,1.0,109.435,90.122,68.088
AdobeStock_245456223.jpeg,55,bandit_055.jpg,6720,4480,0,0,6720,4480,3000,2000,300,JPEG,51.539,33.538,median,33.538,97.132,2.896178,2.137707,1.2,True,0.6,0.85,1.2,1.0,61.334,39.849,68.088
AdobeStock_246185746.jpeg,56,bandit_056.jpg,5472,3648,0,0,5472,3648,3000,2000,300,JPEG,52.831,23.856,median,23.856,97.132,4.071664,2.842999,1.2,True,0.6,0.85,1.2,1.0,62.803,27.992,68.088
AdobeStock_246186039.jpeg,57,bandit_057.jpg,5472,3648,0,0,5472,3648,3000,2000,300,JPEG,68.746,46.203,median,46.203,97.132,2.102297,1.661378,1.2,True,0.6,0.85,1.2,1.0,82.02,54.944,68.088
AdobeStock_251991045.jpeg,58,bandit_058.jpg,5760,3840,0,0,5760,3840,3000,2000,300,JPEG,73.257,59.183,median,59.183,97.132,1.64122,1.384732,1.2,True,0.6,0.85,1.2,1.0,85.809,70.822,68.088
AdobeStock_268554419.jpeg,59,bandit_059.jpg,4834,3626,0,201,4834,3424,3000,2000,300,JPEG,52.174,19.648,median,19.648,97.132,4.943557,3.366134,1.2,True,0.6,0.85,1.2,1.0,61.369,23.363,68.088
AdobeStock_268690771.jpeg,60,bandit_060.jpg,5248,3936,0,218,5248,3717,3000,2000,300,JPEG,73.303,50.724,median,50.724,97.132,1.914897,1.548938,1.2,True,0.6,0.85,1.2,1.0,85.872,60.512,68.088
AdobeStock_269136127.jpeg,61,bandit_061.jpg,12145,5275,2116,0,10028,5275,3000,2000,300,JPEG,78.18,64.979,median,64.979,97.132,1.494821,1.296893,1.2,True,0.6,0.85,1.2,1.0,92.611,77.633,68.088
AdobeStock_269266496.jpeg,62,bandit_062.jpg,6000,4000,0,0,6000,4000,3000,2000,300,JPEG,45.667,18.906,median,18.906,97.132,5.137737,3.482642,1.2,True,0.6,0.85,1.2,1.0,54.183,22.209,68.088
AdobeStock_271728665.jpeg,63,bandit_063.jpg,5760,3840,0,0,5760,3840,3000,2000,300,JPEG,132.339,143.788,median,143.788,97.132,0.67552,0.805312,0.85,True,0.6,0.85,1.2,1.0,112.007,121.753,68.088
AdobeStock_277558651.jpeg,64,bandit_064.jpg,5832,3888,0,0,5832,3888,3000,2000,300,JPEG,62.983,56.168,median,56.168,97.132,1.729312,1.437587,1.2,True,0.6,0.85,1.2,1.0,74.948,66.751,68.088
AdobeStock_281754782.jpeg,65,bandit_065.jpg,5472,3648,0,0,5472,3648,3000,2000,300,JPEG,159.121,184.85,median,184.85,97.132,0.525463,0.715278,0.85,True,0.6,0.85,1.2,1.0,134.775,156.642,68.088
AdobeStock_282247995.jpeg,66,bandit_066.jpg,6000,4000,0,0,6000,4000,3000,2000,300,JPEG,92.115,78.868,median,78.868,97.132,1.231583,1.13895,1.13895,False,0.6,0.85,1.2,1.0,103.779,89.239,68.088
AdobeStock_283330787.jpeg,67,bandit_067.jpg,7000,4672,0,2,7000,4669,3000,2000,300,JPEG,122.804,115.098,median,115.098,97.132,0.843908,0.906345,0.906345,False,0.6,0.85,1.2,1.0,110.809,103.938,68.088
AdobeStock_286178925.jpeg,68,bandit_068.jpg,8688,5792,0,0,8688,5792,3000,2000,300,JPEG,106.412,93.393,median,93.393,97.132,1.040035,1.024021,1.024021,False,0.6,0.85,1.2,1.0,108.426,95.085,68.088
AdobeStock_291351654.jpeg,69,bandit_069.jpg,5760,3840,0,0,5760,3840,3000,2000,300,JPEG,107.086,96.988,median,96.988,97.132,1.001481,1.000888,1.000888,False,0.6,0.85,1.2,1.0,107.086,96.988,68.088
AdobeStock_294526614.jpeg,70,bandit_070.jpg,5400,3600,0,0,5400,3600,3000,2000,300,JPEG,135.517,131.202,median,131.202,97.132,0.740323,0.844194,0.85,True,0.6,0.85,1.2,1.0,114.72,111.004,68.088
AdobeStock_299625187.jpeg,71,bandit_071.jpg,8688,4888,678,0,8010,4888,3000,2000,300,JPEG,150.177,165.917,median,165.917,97.132,0.585426,0.751256,0.85,True,0.6,0.85,1.2,1.0,127.177,140.565,68.088
AdobeStock_302542050.jpeg,72,bandit_072.jpg,3264,4896,0,1360,3264,3536,3000,2000,300,JPEG,111.397,108.352,median,108.352,97.132,0.89645,0.93787,0.93787,False,0.6,0.85,1.2,1.0,103.974,101.101,68.088
AdobeStock_306209808.jpeg,73,bandit_073.jpg,5814,3881,0,2,5814,3878,3000,2000,300,JPEG,157.887,176.642,median,176.642,97.132,0.549881,0.729929,0.85,True,0.6,0.85,1.2,1.0,133.736,149.642,68.088
AdobeStock_306289744.jpeg,74,bandit_074.jpg,4175,2783,0,0,4174,2783,3000,2000,300,JPEG,128.668,131.452,median,131.452,97.132,0.738917,0.84335,0.85,True,0.6,0.85,1.2,1.0,108.888,111.298,68.088
AdobeStock_310339043.jpeg,75,bandit_075.jpg,3895,3496,0,449,3895,3046,3000,2000,300,JPEG,101.249,72.438,median,72.438,97.132,1.340898,1.204539,1.2,True,0.6,0.85,1.2,1.0,117.533,85.723,68.088
AdobeStock_316498991.jpeg,76,bandit_076.jpg,6000,4000,0,0,6000,4000,3000,2000,300,JPEG,129.781,122.069,median,122.069,97.132,0.795712,0.877427,0.877427,False,0.6,0.85,1.2,1.0,113.365,106.581,68.088
AdobeStock_316892070.jpeg,77,bandit_077.jpg,8688,5792,0,0,8688,5792,3000,2000,300,JPEG,121.872,121.469,median,121.469,97.132,0.799647,0.879788,0.879788,False,0.6,0.85,1.2,1.0,106.718,106.367,68.088
AdobeStock_327610055.jpeg,78,bandit_078.jpg,8688,5792,0,0,8688,5792,3000,2000,300,JPEG,105.965,97.276,median,97.276,97.132,0.998524,0.999114,0.999114,False,0.6,0.85,1.2,1.0,104.985,96.276,68.088
AdobeStock_332630851.jpeg,79,bandit_079.jpg,5886,3924,0,0,5886,3924,3000,2000,300,JPEG,117.423,115.742,median,115.742,97.132,0.839208,0.903525,0.903525,False,0.6,0.85,1.2,1.0,105.595,104.105,68.088
AdobeStock_341597375.jpeg,80,bandit_080.jpg,6081,4054,0,0,6081,4054,3000,2000,300,JPEG,111.402,117.674,median,117.674,97.132,0.825434,0.89526,0.89526,False,0.6,0.85,1.2,1.0,99.237,104.979,68.088
AdobeStock_34720031.jpeg,81,bandit_081.jpg,4385,2923,0,0,4384,2923,3000,2000,300,JPEG,150.532,159.237,median,159.237,97.132,0.609983,0.76599,0.85,True,0.6,0.85,1.2,1.0,127.478,134.969,68.088
AdobeStock_357100936.jpeg,82,bandit_082.jpg,6016,4016,0,2,6016,4013,3000,2000,300,JPEG,65.882,44.145,median,44.145,97.132,2.200274,1.720165,1.2,True,0.6,0.85,1.2,1.0,78.17,52.59,68.088
AdobeStock_36509252.jpeg,83,bandit_083.jpg,4050,2690,7,0,4042,2690,3000,2000,300,JPEG,137.169,142.253,median,142.253,97.132,0.682813,0.809688,0.85,True,0.6,0.85,1.2,1.0,116.115,120.49,68.088
AdobeStock_375419561.jpeg,84,bandit_084.jpg,3600,2400,0,0,3600,2400,3000,2000,300,JPEG,176.352,192.864,median,192.864,97.132,0.503631,0.702178,0.85,True,0.6,0.85,1.2,1.0,149.424,163.507,68.088
AdobeStock_378166846.jpeg,85,bandit_085.jpg,6545,4363,0,0,6544,4363,3000,2000,300,JPEG,68.674,53.937,median,53.937,97.132,1.800842,1.480505,1.2,True,0.6,0.85,1.2,1.0,81.821,64.507,68.088
AdobeStock_398278139.jpeg,86,bandit_086.jpg,4896,3264,0,0,4896,3264,3000,2000,300,JPEG,111.465,108.527,median,108.527,97.132,0.895005,0.937003,0.937003,False,0.6,0.85,1.2,1.0,103.937,101.204,68.088
AdobeStock_421312084.jpeg,87,bandit_087.jpg,5388,3597,0,2,5388,3594,3000,2000,300,JPEG,46.706,33.194,median,33.194,97.132,2.926174,2.155704,1.2,True,0.6,0.85,1.2,1.0,55.164,39.547,68.088
AdobeStock_422172892.jpeg,88,bandit_088.jpg,5472,3648,0,0,5472,3648,3000,2000,300,JPEG,99.942,101.939,median,101.939,97.132,0.952848,0.971709,0.971709,False,0.6,0.85,1.2,1.0,96.588,98.785,68.088
AdobeStock_422634310.jpeg,89,bandit_089.jpg,5760,3840,0,0,5760,3840,3000,2000,300,JPEG,91.639,76.11,median,76.11,97.132,1.276205,1.165723,1.165723,False,0.6,0.85,1.2,1.0,104.775,88.181,68.088
AdobeStock_426092381.jpeg,90,bandit_090.jpg,12000,3852,3111,0,8889,3852,3000,2000,300,JPEG,65.108,27.109,median,27.109,97.132,3.583043,2.549826,1.2,True,0.6,0.85,1.2,1.0,77.108,32.169,68.088
AdobeStock_45543569.jpeg,91,bandit_091.jpg,5616,3744,0,0,5616,3744,3000,2000,300,JPEG,139.582,143.531,median,143.531,97.132,0.676732,0.806039,0.85,True,0.6,0.85,1.2,1.0,118.164,121.482,68.088
AdobeStock_457721580.jpeg,92,bandit_092.jpg,5296,3744,0,106,5296,3637,3000,2000,300,JPEG,123.104,128.835,median,128.835,97.132,0.753928,0.852357,0.852357,False,0.6,0.85,1.2,1.0,104.43,109.312,68.088
AdobeStock_461995849.jpeg,93,bandit_093.jpg,5107,3648,0,121,5107,3526,3000,2000,300,JPEG,76.728,66.273,median,66.273,97.132,1.46563,1.279378,1.2,True,0.6,0.85,1.2,1.0,90.52,79.213,68.088
AdobeStock_479348434.jpeg,94,bandit_094.jpg,6238,4158,0,0,6237,4158,3000,2000,300,JPEG,117.788,121.746,median,121.746,97.132,0.797825,0.878695,0.878695,False,0.6,0.85,1.2,1.0,103.001,106.52,68.088
AdobeStock_492835003.jpeg,95,bandit_095.jpg,4480,2987,0,0,4480,2987,3000,2000,300,JPEG,177.438,188.112,median,188.112,97.132,0.516351,0.709811,0.85,True,0.6,0.85,1.2,1.0,150.327,159.418,68.088
AdobeStock_496296660.jpeg,96,bandit_096.jpg,6238,4158,0,0,6237,4158,3000,2000,300,JPEG,105.164,106.407,median,106.407,97.132,0.912833,0.9477,0.9477,False,0.6,0.85,1.2,1.0,99.164,100.219,68.088
AdobeStock_514494813.jpeg,97,bandit_097.jpg,6016,4016,0,2,6016,4013,3000,2000,300,JPEG,42.357,27.238,median,27.238,97.132,3.566074,2.539644,1.2,True,0.6,0.85,1.2,1.0,50.317,32.399,68.088
AdobeStock_555378600.jpeg,98,bandit_098.jpg,5760,3840,0,0,5760,3840,3000,2000,300,JPEG,108.849,117.233,median,117.233,97.132,0.828538,0.897123,0.897123,False,0.6,0.85,1.2,1.0,97.151,104.391,68.088
AdobeStock_57774828.jpeg,99,bandit_099.jpg,4441,3456,0,247,4441,3208,3000,2000,300,JPEG,89.135,70.506,median,70.506,97.132,1.377634,1.22658,1.2,True,0.6,0.85,1.2,1.0,105.11,84.106,68.088
AdobeStock_58083840.jpeg,100,bandit_100.jpg,5616,3744,0,0,5616,3744,3000,2000,300,JPEG,99.74,89.738,median,89.738,97.132,1.0824,1.04944,1.04944,False,0.6,0.85,1.2,1.0,103.951,93.648,68.088
AdobeStock_58084000.jpeg,101,bandit_101.jpg,5616,3744,0,0,5616,3744,3000,2000,300,JPEG,91.608,85.353,median,85.353,97.132,1.137998,1.082799,1.082799,False,0.6,0.85,1.2,1.0,98.284,92.0,68.088
AdobeStock_585055259.jpeg,102,bandit_102.jpg,5376,3584,0,0,5376,3584,3000,2000,300,JPEG,80.01,53.816,median,53.816,97.132,1.804891,1.482934,1.2,True,0.6,0.85,1.2,1.0,93.907,64.161,68.088
AdobeStock_600023928.jpeg,103,bandit_103.jpg,5000,3333,0,0,5000,3333,3000,2000,300,JPEG,68.043,43.713,median,43.713,97.132,2.222019,1.733211,1.2,True,0.6,0.85,1.2,1.0,80.3,52.082,68.088
AdobeStock_600023998.jpeg,104,bandit_104.jpg,5000,3333,0,0,5000,3333,3000,2000,300,JPEG,67.636,51.469,median,51.469,97.132,1.887187,1.532312,1.2,True,0.6,0.85,1.2,1.0,80.06,61.454,68.088
AdobeStock_602332218.jpeg,105,bandit_105.jpg,4096,4096,0,682,4096,3413,3000,2000,300,JPEG,62.162,45.539,median,45.539,97.132,2.132932,1.679759,1.2,True,0.6,0.85,1.2,1.0,73.43,54.256,68.088
AdobeStock_615772354.jpeg,106,bandit_106.jpg,4928,3712,0,213,4928,3498,3000,2000,300,JPEG,41.834,14.574,median,14.574,97.132,6.664928,4.398957,1.2,True,0.6,0.85,1.2,1.0,49.178,16.858,68.088
AdobeStock_617394412.jpeg,107,bandit_107.jpg,6720,4480,0,0,6720,4480,3000,2000,300,JPEG,87.2,73.608,median,73.608,97.132,1.319585,1.191751,1.191751,False,0.6,0.85,1.2,1.0,101.388,87.238,68.088
AdobeStock_617394518.jpeg,108,bandit_108.jpg,6720,4480,0,0,6720,4480,3000,2000,300,JPEG,122.611,125.78,median,125.78,97.132,0.772235,0.863341,0.863341,False,0.6,0.85,1.2,1.0,105.351,108.209,68.088
AdobeStock_619490211.jpeg,109,bandit_109.jpg,10000,6668,0,0,10000,6667,3000,2000,300,JPEG,61.194,31.327,median,31.327,97.132,3.100624,2.260374,1.2,True,0.6,0.85,1.2,1.0,72.175,37.183,68.088
AdobeStock_619490420.jpeg,110,bandit_110.jpg,10000,6668,0,0,10000,6667,3000,2000,300,JPEG,62.117,43.952,median,43.952,97.132,2.209946,1.725968,1.2,True,0.6,0.85,1.2,1.0,73.288,52.283,68.088
AdobeStock_621005971.jpeg,111,bandit_111.jpg,10000,6668,0,0,10000,6667,3000,2000,300,JPEG,87.722,86.737,median,86.737,97.132,1.11984,1.071904,1.071904,False,0.6,0.85,1.2,1.0,93.528,92.456,68.088
AdobeStock_621021391.jpeg,112,bandit_112.jpg,10000,6668,0,0,10000,6667,3000,2000,300,JPEG,58.816,29.883,median,29.883,97.132,3.25041,2.350246,1.2,True,0.6,0.85,1.2,1.0,69.097,35.453,68.088
AdobeStock_621021579.jpeg,113,bandit_113.jpg,10000,6668,0,0,10000,6667,3000,2000,300,JPEG,49.921,29.873,median,29.873,97.132,3.251541,2.350925,1.2,True,0.6,0.85,1.2,1.0,58.718,35.403,68.088
AdobeStock_621039270.jpeg,114,bandit_114.jpg,10000,6668,0,0,10000,6667,3000,2000,300,JPEG,56.076,34.219,median,34.219,97.132,2.838507,2.103104,1.2,True,0.6,0.85,1.2,1.0,66.249,40.623,68.088
AdobeStock_629063284.jpeg,115,bandit_115.jpg,5568,3712,0,0,5568,3712,3000,2000,300,JPEG,88.426,79.307,median,79.307,97.132,1.224763,1.134858,1.134858,False,0.6,0.85,1.2,1.0,97.747,88.97,68.088
AdobeStock_630161487.jpeg,116,bandit_116.jpg,8736,4992,624,0,8112,4992,3000,2000,300,JPEG,61.522,39.215,median,39.215,97.132,2.476935,1.886161,1.2,True,0.6,0.85,1.2,1.0,72.2,46.619,68.088
AdobeStock_63599551.jpeg,117,bandit_117.jpg,5616,3744,0,0,5616,3744,3000,2000,300,JPEG,119.557,108.174,median,108.174,97.132,0.897922,0.938753,0.938753,False,0.6,0.85,1.2,1.0,111.725,101.007,68.088
AdobeStock_63599583.jpeg,118,bandit_118.jpg,3744,5616,0,1560,3744,4056,3000,2000,300,JPEG,140.472,144.652,median,144.652,97.132,0.671489,0.802894,0.85,True,0.6,0.85,1.2,1.0,118.926,122.402,68.088
AdobeStock_64154047.jpeg,119,bandit_119.jpg,5616,3744,0,0,5616,3744,3000,2000,300,JPEG,78.465,60.79,median,60.79,97.132,1.597823,1.358694,1.2,True,0.6,0.85,1.2,1.0,93.191,72.581,68.088
AdobeStock_64172012.jpeg,120,bandit_120.jpg,4256,2832,4,0,4252,2832,3000,2000,300,JPEG,130.604,130.421,median,130.421,97.132,0.744756,0.846854,0.85,True,0.6,0.85,1.2,1.0,110.534,110.332,68.088
AdobeStock_662175907.jpeg,121,bandit_121.jpg,7860,5240,0,0,7860,5240,3000,2000,300,JPEG,170.079,171.198,median,171.198,97.132,0.567366,0.74042,0.85,True,0.6,0.85,1.2,1.0,144.092,145.038,68.088
AdobeStock_66913568.jpeg,122,bandit_122.jpg,6287,4724,0,266,6287,4457,3000,2000,300,JPEG,75.574,56.536,median,56.536,97.132,1.71805,1.43083,1.2,True,0.6,0.85,1.2,1.0,89.473,67.497,68.088
AdobeStock_67636689.jpeg,123,bandit_123.jpg,5616,3744,0,0,5616,3744,3000,2000,300,JPEG,130.642,139.035,median,139.035,97.132,0.698616,0.81917,0.85,True,0.6,0.85,1.2,1.0,110.573,117.753,68.088
AdobeStock_78466601.jpeg,124,bandit_124.jpg,5472,3648,0,0,5472,3648,3000,2000,300,JPEG,115.55,94.489,median,94.489,97.132,1.027974,1.016784,1.016784,False,0.6,0.85,1.2,1.0,116.975,95.546,68.088
AdobeStock_79662452.jpeg,125,bandit_125.jpg,5616,3744,0,0,5616,3744,3000,2000,300,JPEG,101.92,100.51,median,100.51,97.132,0.966391,0.979835,0.979835,False,0.6,0.85,1.2,1.0,99.353,98.203,68.088
AdobeStock_823323541.jpeg,126,bandit_126.jpg,4368,2448,348,0,4020,2448,3000,2000,300,JPEG,132.423,146.574,median,146.574,97.132,0.662684,0.79761,0.85,True,0.6,0.85,1.2,1.0,112.082,124.089,68.088
AdobeStock_85066422.jpeg,127,bandit_127.jpg,4000,2667,0,0,4000,2667,3000,2000,300,JPEG,153.793,175.537,median,175.537,97.132,0.553342,0.732005,0.85,True,0.6,0.85,1.2,1.0,130.248,148.729,68.088
AdobeStock_90006257.jpeg,128,bandit_128.jpg,5616,3744,0,0,5616,3744,3000,2000,300,JPEG,115.447,102.214,median,102.214,97.132,0.950281,0.970168,0.970168,False,0.6,0.85,1.2,1.0,111.484,98.762,68.088
AdobeStock_96197649.jpeg,129,bandit_129.jpg,5592,3733,0,2,5592,3730,3000,2000,300,JPEG,127.573,129.543,median,129.543,97.132,0.749807,0.849884,0.85,True,0.6,0.85,1.2,1.0,107.961,109.657,68.088
AdobeStock_96721430.jpeg,130,bandit_130.jpg,5500,3672,0,2,5500,3669,3000,2000,300,JPEG,131.617,122.711,median,122.711,97.132,0.79155,0.87493,0.87493,False,0.6,0.85,1.2,1.0,114.605,106.823,68.088
b1.jpg,131,bandit_131.jpg,3000,2000,0,0,3000,2000,3000,2000,300,JPEG,89.962,74.63,median,74.63,97.132,1.301518,1.180911,1.180911,False,0.6,0.85,1.2,1.0,104.099,87.702,68.088
b2.jpg,132,bandit_132.jpg,3000,2000,0,0,3000,2000,3000,2000,300,JPEG,89.948,83.148,median,83.148,97.132,1.168176,1.100906,1.100906,False,0.6,0.85,1.2,1.0,98.094,91.076,68.088
b3.jpg,133,bandit_133.jpg,3000,2000,0,0,3000,2000,3000,2000,300,JPEG,90.159,92.367,median,92.367,97.132,1.051592,1.030955,1.030955,False,0.6,0.85,1.2,1.0,92.449,94.637,68.088
choc24.jpg,134,bandit_134.jpg,2048,1536,0,85,2048,1450,3000,2000,300,JPEG,160.571,184.468,median,184.468,97.132,0.526551,0.715931,0.85,True,0.6,0.85,1.2,1.0,135.906,156.241,68.088
cookies1.jpg,135,bandit_135.jpg,1600,1200,0,66,1600,1133,3000,2000,300,JPEG,149.24,152.3,median,152.3,97.132,0.637767,0.78266,0.85,True,0.6,0.85,1.2,1.0,126.379,128.892,68.088
donut12.jpg,136,bandit_136.jpg,1620,1080,0,0,1620,1080,3000,2000,300,JPEG,159.7,148.618,median,148.618,97.132,0.653567,0.79214,0.85,True,0.6,0.85,1.2,1.0,135.254,125.864,68.088
donut21.jpg,137,bandit_137.jpg,1640,1089,3,0,1637,1089,3000,2000,300,JPEG,109.397,91.778,median,91.778,97.132,1.058334,1.035,1.035,False,0.6,0.85,1.2,1.0,112.338,94.495,68.088
donut23.jpg,138,bandit_138.jpg,1619,1080,0,0,1619,1079,3000,2000,300,JPEG,150.07,144.148,median,144.148,97.132,0.673833,0.8043,0.85,True,0.6,0.85,1.2,1.0,127.089,122.095,68.088
donut49.jpg,139,bandit_139.jpg,1800,1200,0,0,1800,1200,3000,2000,300,JPEG,100.894,82.114,median,82.114,97.132,1.182895,1.109737,1.109737,False,0.6,0.85,1.2,1.0,111.053,90.753,68.088
f1.jpg,140,bandit_140.jpg,3000,2000,0,0,3000,2000,3000,2000,300,JPEG,90.101,82.707,median,82.707,97.132,1.174411,1.104646,1.104646,False,0.6,0.85,1.2,1.0,98.984,90.749,68.088
f2.jpg,141,bandit_141.jpg,3000,2000,0,0,3000,2000,3000,2000,300,JPEG,90.225,89.747,median,89.747,97.132,1.082292,1.049375,1.049375,False,0.6,0.85,1.2,1.0,94.171,93.887,68.088
f3.jpg,142,bandit_142.jpg,3000,2000,0,0,3000,2000,3000,2000,300,JPEG,90.165,89.199,median,89.199,97.132,1.088938,1.053363,1.053363,False,0.6,0.85,1.2,1.0,94.484,93.48,68.088
fries10.jpg,143,bandit_143.jpg,2592,1936,0,104,2592,1832,3000,2000,300,JPEG,134.934,136.228,median,136.228,97.132,0.713009,0.827806,0.85,True,0.6,0.85,1.2,1.0,114.219,115.295,68.088
fries13.jpg,144,bandit_144.jpg,2808,1735,103,0,2705,1735,3000,2000,300,JPEG,105.342,98.72,median,98.72,97.132,0.98391,0.990346,0.990346,False,0.6,0.85,1.2,1.0,103.833,97.528,68.088
fries2.jpg,145,bandit_145.jpg,1600,1200,0,66,1600,1133,3000,2000,300,JPEG,114.144,107.405,median,107.405,97.132,0.904351,0.942611,0.942611,False,0.6,0.85,1.2,1.0,107.091,100.852,68.088
fries7.jpg,146,bandit_146.jpg,2592,1936,0,104,2592,1832,3000,2000,300,JPEG,120.281,110.886,median,110.886,97.132,0.875964,0.925579,0.925579,False,0.6,0.85,1.2,1.0,110.826,102.133,68.088
H01.jpg,147,bandit_147.jpg,3888,2592,0,0,3888,2592,3000,2000,300,JPEG,157.341,176.09,median,176.09,97.132,0.551604,0.730963,0.85,True,0.6,0.85,1.2,1.0,133.266,149.134,68.088
H02.jpg,148,bandit_148.jpg,2592,1944,0,108,2592,1836,3000,2000,300,JPEG,108.768,106.429,median,106.429,97.132,0.912643,0.947586,0.947586,False,0.6,0.85,1.2,1.0,102.569,100.473,68.088
H03.jpg,149,bandit_149.jpg,1280,800,40,0,1240,800,3000,2000,300,JPEG,90.86,80.137,median,80.137,97.132,1.21208,1.127248,1.127248,False,0.6,0.85,1.2,1.0,100.881,89.787,68.088
H05.jpg,150,bandit_150.jpg,2755,1746,68,0,2687,1746,3000,2000,300,JPEG,121.461,133.963,median,133.963,97.132,0.725067,0.83504,0.85,True,0.6,0.85,1.2,1.0,102.768,113.283,68.088
H10.jpg,151,bandit_151.jpg,2048,1536,0,85,2048,1450,3000,2000,300,JPEG,160.571,184.468,median,184.468,97.132,0.526551,0.715931,0.85,True,0.6,0.85,1.2,1.0,135.906,156.241,68.088
H11.jpg,152,bandit_152.jpg,3050,1200,625,0,2425,1200,3000,2000,300,JPEG,161.417,166.795,median,166.795,97.132,0.582342,0.749405,0.85,True,0.6,0.85,1.2,1.0,136.618,141.275,68.088
H12.jpg,153,bandit_153.jpg,1600,1200,0,66,1600,1133,3000,2000,300,JPEG,114.144,107.405,median,107.405,97.132,0.904351,0.942611,0.942611,False,0.6,0.85,1.2,1.0,107.091,100.852,68.088
H13.jpg,154,bandit_154.jpg,1024,768,0,42,1024,725,3000,2000,300,JPEG,162.455,173.85,median,173.85,97.132,0.558711,0.735227,0.85,True,0.6,0.85,1.2,1.0,137.613,147.175,68.088
H14.jpg,155,bandit_155.jpg,2591,1528,149,0,2441,1528,3000,2000,300,JPEG,110.256,102.828,median,102.828,97.132,0.944606,0.966764,0.966764,False,0.6,0.85,1.2,1.0,106.094,98.847,68.088
H19.jpg,156,bandit_156.jpg,1272,1076,0,114,1272,962,3000,2000,300,JPEG,161.61,161.352,median,161.352,97.132,0.601989,0.761193,0.85,True,0.6,0.85,1.2,1.0,136.893,136.714,68.088
H21.jpg,157,bandit_157.jpg,1600,1200,0,66,1600,1133,3000,2000,300,JPEG,103.637,95.03,median,95.03,97.132,1.022121,1.013273,1.013273,False,0.6,0.85,1.2,1.0,104.462,96.0,68.088
H22.jpg,158,bandit_158.jpg,3000,2253,0,126,3000,2126,3000,2000,300,JPEG,149.796,165.609,median,165.609,97.132,0.586515,0.751909,0.85,True,0.6,0.85,1.2,1.0,126.854,140.366,68.088
H23.jpg,159,bandit_159.jpg,4288,2848,8,0,4280,2848,3000,2000,300,JPEG,109.236,107.396,median,107.396,97.132,0.904425,0.942655,0.942655,False,0.6,0.85,1.2,1.0,102.468,100.592,68.088
H24.jpg,160,bandit_160.jpg,1600,1200,0,66,1600,1133,3000,2000,300,JPEG,149.24,152.3,median,152.3,97.132,0.637767,0.78266,0.85,True,0.6,0.85,1.2,1.0,126.379,128.892,68.088
H27.jpg,161,bandit_161.jpg,1440,1080,0,60,1440,1020,3000,2000,300,JPEG,111.091,96.745,median,96.745,97.132,1.003995,1.002397,1.002397,False,0.6,0.85,1.2,1.0,111.091,96.745,68.088
H29.jpg,162,bandit_162.jpg,1620,1080,0,0,1620,1080,3000,2000,300,JPEG,159.7,148.618,median,148.618,97.132,0.653567,0.79214,0.85,True,0.6,0.85,1.2,1.0,135.254,125.864,68.088
H35.jpg,163,bandit_163.jpg,2048,1536,0,85,2048,1450,3000,2000,300,JPEG,116.212,119.199,median,119.199,97.132,0.814873,0.888924,0.888924,False,0.6,0.85,1.2,1.0,102.857,105.548,68.088
H40.jpg,164,bandit_164.jpg,1619,1080,0,0,1619,1079,3000,2000,300,JPEG,135.44,139.667,median,139.667,97.132,0.695454,0.817272,0.85,True,0.6,0.85,1.2,1.0,114.648,118.368,68.088
H44.jpg,165,bandit_165.jpg,1593,1080,0,9,1593,1071,3000,2000,300,JPEG,109.438,88.109,median,88.109,97.132,1.10241,1.061446,1.061446,False,0.6,0.85,1.2,1.0,115.332,93.124,68.088
H45.jpg,166,bandit_166.jpg,3844,2563,0,0,3844,2563,3000,2000,300,JPEG,132.254,154.639,median,154.639,97.132,0.628119,0.776872,0.85,True,0.6,0.85,1.2,1.0,111.93,130.802,68.088
H47.jpg,167,bandit_167.jpg,1142,1087,0,163,1142,924,3000,2000,300,JPEG,135.163,137.919,median,137.919,97.132,0.704269,0.822562,0.85,True,0.6,0.85,1.2,1.0,114.413,116.741,68.088
H50.jpg,168,bandit_168.jpg,1200,1200,0,200,1200,1000,3000,2000,300,JPEG,148.606,154.198,median,154.198,97.132,0.629917,0.77795,0.85,True,0.6,0.85,1.2,1.0,125.84,130.609,68.088
H53.jpg,169,bandit_169.jpg,1330,1715,0,414,1330,1301,3000,2000,300,JPEG,140.123,127.347,median,127.347,97.132,0.762735,0.857641,0.857641,False,0.6,0.85,1.2,1.0,119.659,108.773,68.088
H57.jpg,170,bandit_170.jpg,1997,1842,0,255,1997,1586,3000,2000,300,JPEG,118.346,111.944,median,111.944,97.132,0.867686,0.920612,0.920612,False,0.6,0.85,1.2,1.0,108.447,102.538,68.088
H63.jpg,171,bandit_171.jpg,1800,1200,0,0,1800,1200,3000,2000,300,JPEG,100.894,82.114,median,82.114,97.132,1.182895,1.109737,1.109737,False,0.6,0.85,1.2,1.0,111.053,90.753,68.088
i1.jpg,172,bandit_172.jpg,3000,2000,0,0,3000,2000,3000,2000,300,JPEG,89.987,82.18,median,82.18,97.132,1.181936,1.109162,1.109162,False,0.6,0.85,1.2,1.0,99.174,90.955,68.088
i2.jpg,173,bandit_173.jpg,3000,2000,0,0,3000,2000,3000,2000,300,JPEG,90.157,89.248,median,89.248,97.132,1.088338,1.053003,1.053003,False,0.6,0.85,1.2,1.0,94.424,93.447,68.088
i3.jpg,174,bandit_174.jpg,3000,2000,0,0,3000,2000,3000,2000,300,JPEG,90.095,79.997,median,79.997,97.132,1.214196,1.128517,1.128517,False,0.6,0.85,1.2,1.0,101.082,89.767,68.088
ic28.jpg,175,bandit_175.jpg,1600,1200,0,66,1600,1133,3000,2000,300,JPEG,103.637,95.03,median,95.03,97.132,1.022121,1.013273,1.013273,False,0.6,0.85,1.2,1.0,104.462,96.0,68.088
ic30.jpg,176,bandit_176.jpg,4752,3168,0,0,4752,3168,3000,2000,300,JPEG,103.65,109.578,median,109.578,97.132,0.886422,0.931853,0.931853,False,0.6,0.85,1.2,1.0,96.087,101.645,68.088
ic36.jpg,177,bandit_177.jpg,3000,2253,0,126,3000,2126,3000,2000,300,JPEG,149.796,165.609,median,165.609,97.132,0.586515,0.751909,0.85,True,0.6,0.85,1.2,1.0,126.854,140.366,68.088
ic38.jpg,178,bandit_178.jpg,4270,3152,0,152,4270,2999,3000,2000,300,JPEG,112.423,89.127,median,89.127,97.132,1.089813,1.053888,1.053888,False,0.6,0.85,1.2,1.0,117.789,93.249,68.088
ic7.jpg,179,bandit_179.jpg,817,1024,0,239,817,784,3000,2000,300,JPEG,130.105,130.524,median,130.524,97.132,0.744171,0.846502,0.85,True,0.6,0.85,1.2,1.0,110.119,110.391,68.088
k1.jpg,180,bandit_180.jpg,3000,2000,0,0,3000,2000,3000,2000,300,JPEG,87.144,69.736,median,69.736,97.132,1.392849,1.235709,1.2,True,0.6,0.85,1.2,1.0,100.269,83.274,68.088
k2.jpg,181,bandit_181.jpg,3000,2000,0,0,3000,2000,3000,2000,300,JPEG,90.159,93.009,median,93.009,97.132,1.044329,1.026597,1.026597,False,0.6,0.85,1.2,1.0,92.069,95.154,68.088
k3.jpg,182,bandit_182.jpg,3000,2000,0,0,3000,2000,3000,2000,300,JPEG,90.158,77.261,median,77.261,97.132,1.257193,1.154316,1.154316,False,0.6,0.85,1.2,1.0,103.574,88.705,68.088
l1.jpg,183,bandit_183.jpg,3000,2000,0,0,3000,2000,3000,2000,300,JPEG,90.059,80.59,median,80.59,97.132,1.205258,1.123155,1.123155,False,0.6,0.85,1.2,1.0,99.975,89.961,68.088
l2.jpg,184,bandit_184.jpg,3000,2000,0,0,3000,2000,3000,2000,300,JPEG,90.179,90.053,median,90.053,97.132,1.078607,1.047164,1.047164,False,0.6,0.85,1.2,1.0,93.935,93.953,68.088
m1.jpg,185,bandit_185.jpg,3000,2000,0,0,3000,2000,3000,2000,300,JPEG,89.791,84.449,median,84.449,97.132,1.150183,1.09011,1.09011,False,0.6,0.85,1.2,1.0,96.889,91.453,68.088
m2.jpg,186,bandit_186.jpg,3000,2000,0,0,3000,2000,3000,2000,300,JPEG,90.202,91.895,median,91.895,97.132,1.056994,1.034196,1.034196,False,0.6,0.85,1.2,1.0,92.771,94.43,68.088
m3.jpg,187,bandit_187.jpg,3000,2000,0,0,3000,2000,3000,2000,300,JPEG,90.179,95.534,median,95.534,97.132,1.016727,1.010036,1.010036,False,0.6,0.85,1.2,1.0,90.599,95.747,68.088
n1.jpg,188,bandit_188.jpg,3000,2000,0,0,3000,2000,3000,2000,300,JPEG,90.1,77.971,median,77.971,97.132,1.245751,1.147451,1.147451,False,0.6,0.85,1.2,1.0,102.195,88.921,68.088
n2.jpg,189,bandit_189.jpg,3000,2000,0,0,3000,2000,3000,2000,300,JPEG,88.951,71.406,median,71.406,97.132,1.36028,1.216168,1.2,True,0.6,0.85,1.2,1.0,103.296,85.278,68.088
n3.jpg,190,bandit_190.jpg,3000,2000,0,0,3000,2000,3000,2000,300,JPEG,88.645,75.734,median,75.734,97.132,1.282535,1.169521,1.169521,False,0.6,0.85,1.2,1.0,100.949,88.172,68.088
o1.jpg,191,bandit_191.jpg,3000,2000,0,0,3000,2000,3000,2000,300,JPEG,90.103,80.117,median,80.117,97.132,1.212377,1.127426,1.127426,False,0.6,0.85,1.2,1.0,100.6,89.862,68.088
o2.jpg,192,bandit_192.jpg,3000,2000,0,0,3000,2000,3000,2000,300,JPEG,89.007,66.645,median,66.645,97.132,1.457449,1.27447,1.2,True,0.6,0.85,1.2,1.0,103.111,79.56,68.088
o3.jpg,193,bandit_193.jpg,3000,2000,0,0,3000,2000,3000,2000,300,JPEG,90.214,92.54,median,92.54,97.132,1.049617,1.02977,1.02977,False,0.6,0.85,1.2,1.0,92.422,94.697,68.088
pasta21.jpg,194,bandit_194.jpg,850,850,0,141,850,708,3000,2000,300,JPEG,179.991,181.832,median,181.832,97.132,0.534185,0.720511,0.85,True,0.6,0.85,1.2,1.0,152.519,154.077,68.088
pasta42.jpg,195,bandit_195.jpg,1000,1000,0,166,1000,833,3000,2000,300,JPEG,160.055,166.513,median,166.513,97.132,0.583328,0.749997,0.85,True,0.6,0.85,1.2,1.0,135.538,141.071,68.088
pasta53.jpg,196,bandit_196.jpg,2103,1596,0,97,2103,1499,3000,2000,300,JPEG,156.331,158.234,median,158.234,97.132,0.61385,0.76831,0.85,True,0.6,0.85,1.2,1.0,132.411,134.047,68.088
pasta54.jpg,197,bandit_197.jpg,2592,1944,0,108,2592,1836,3000,2000,300,JPEG,160.902,172.478,median,172.478,97.132,0.563156,0.737894,0.85,True,0.6,0.85,1.2,1.0,136.291,146.197,68.088
pasta56.jpg,198,bandit_198.jpg,1600,1200,0,66,1600,1133,3000,2000,300,JPEG,133.518,137.179,median,137.179,97.132,0.70807,0.824842,0.85,True,0.6,0.85,1.2,1.0,113.014,116.132,68.088
pizza11.jpg,199,bandit_199.jpg,3264,2448,0,136,3264,2312,3000,2000,300,JPEG,142.085,141.265,median,141.265,97.132,0.687589,0.812553,0.85,True,0.6,0.85,1.2,1.0,120.296,119.601,68.088
pizza12.jpg,200,bandit_200.jpg,1600,1200,0,66,1600,1133,3000,2000,300,JPEG,100.604,93.772,median,93.772,97.132,1.035827,1.021496,1.021496,False,0.6,0.85,1.2,1.0,102.262,95.195,68.088
pizza13.jpg,201,bandit_201.jpg,2288,1712,0,93,2288,1618,3000,2000,300,JPEG,129.358,129.95,median,129.95,97.132,0.747456,0.848473,0.85,True,0.6,0.85,1.2,1.0,109.478,109.985,68.088
pizza15.jpg,202,bandit_202.jpg,2048,1536,0,85,2048,1450,3000,2000,300,JPEG,114.891,103.549,median,103.549,97.132,0.938027,0.962816,0.962816,False,0.6,0.85,1.2,1.0,110.115,99.182,68.088
pizza19.jpg,203,bandit_203.jpg,1194,718,58,0,1135,718,3000,2000,300,JPEG,138.423,143.148,median,143.148,97.132,0.678542,0.807125,0.85,True,0.6,0.85,1.2,1.0,117.192,121.237,68.088
pizza22.jpg,204,bandit_204.jpg,1202,1730,0,464,1202,1265,3000,2000,300,JPEG,122.999,120.497,median,120.497,97.132,0.806093,0.883656,0.883656,False,0.6,0.85,1.2,1.0,108.188,105.957,68.088
pizza24.jpg,205,bandit_205.jpg,3648,2736,0,152,3648,2584,3000,2000,300,JPEG,159.472,151.593,median,151.593,97.132,0.640741,0.784445,0.85,True,0.6,0.85,1.2,1.0,135.044,128.349,68.088
pizza29.jpg,206,bandit_206.jpg,1600,1200,0,66,1600,1133,3000,2000,300,JPEG,114.334,115.286,median,115.286,97.132,0.84253,0.905518,0.905518,False,0.6,0.85,1.2,1.0,103.046,103.894,68.088
pizza30.jpg,207,bandit_207.jpg,3072,2304,0,128,3072,2176,3000,2000,300,JPEG,102.836,98.555,median,98.555,97.132,0.985561,0.991337,0.991337,False,0.6,0.85,1.2,1.0,101.382,97.358,68.088
pizza31.jpg,208,bandit_208.jpg,1274,717,99,0,1175,717,3000,2000,300,JPEG,145.179,154.648,median,154.648,97.132,0.628083,0.77685,0.85,True,0.6,0.85,1.2,1.0,122.927,130.968,68.088
pizza32.jpg,209,bandit_209.jpg,1260,872,0,16,1260,856,3000,2000,300,JPEG,126.576,128.554,median,128.554,97.132,0.755575,0.853345,0.853345,False,0.6,0.85,1.2,1.0,107.518,109.198,68.088
pizza36.jpg,210,bandit_210.jpg,2840,1895,0,1,2840,1894,3000,2000,300,JPEG,93.192,82.913,median,82.913,97.132,1.171499,1.102899,1.102899,False,0.6,0.85,1.2,1.0,102.305,90.882,68.088
pizza38.jpg,211,bandit_211.jpg,3072,2304,0,128,3072,2176,3000,2000,300,JPEG,152.561,156.965,median,156.965,97.132,0.618813,0.771288,0.85,True,0.6,0.85,1.2,1.0,129.191,132.96,68.088
pizza39.jpg,212,bandit_212.jpg,1244,1090,0,130,1244,959,3000,2000,300,JPEG,116.918,115.622,median,115.622,97.132,0.840085,0.904051,0.904051,False,0.6,0.85,1.2,1.0,105.2,103.985,68.088
pizza40.jpg,213,bandit_213.jpg,1920,1080,150,0,1770,1080,3000,2000,300,JPEG,115.88,123.984,median,123.984,97.132,0.783424,0.870054,0.870054,False,0.6,0.85,1.2,1.0,100.329,107.346,68.088
pizza41.jpg,214,bandit_214.jpg,3072,2304,0,128,3072,2176,3000,2000,300,JPEG,141.281,142.094,median,142.094,97.132,0.683577,0.810146,0.85,True,0.6,0.85,1.2,1.0,119.611,120.316,68.088
pizza43.jpg,215,bandit_215.jpg,3935,2759,0,68,3935,2691,3000,2000,300,JPEG,101.661,117.827,median,117.827,97.132,0.82436,0.894616,0.894616,False,0.6,0.85,1.2,1.0,90.524,104.886,68.088
pizza44.jpg,216,bandit_216.jpg,900,602,0,1,900,601,3000,2000,300,JPEG,69.146,55.913,median,55.913,97.132,1.737211,1.442327,1.2,True,0.6,0.85,1.2,1.0,82.163,66.702,68.088
pizza46.jpg,217,bandit_217.jpg,962,720,0,39,962,680,3000,2000,300,JPEG,101.967,115.216,median,115.216,97.132,0.843046,0.905827,0.905827,False,0.6,0.85,1.2,1.0,91.888,103.929,68.088
pizza50.jpg,218,bandit_218.jpg,3072,2304,0,128,3072,2176,3000,2000,300,JPEG,115.249,113.075,median,113.075,97.132,0.859007,0.915404,0.915404,False,0.6,0.85,1.2,1.0,105.0,103.03,68.088
pizza8.jpg,219,bandit_219.jpg,1600,1064,2,0,1598,1064,3000,2000,300,JPEG,121.098,119.596,median,119.596,97.132,0.812168,0.887301,0.887301,False,0.6,0.85,1.2,1.0,106.947,105.683,68.088
r1.jpg,220,bandit_220.jpg,3000,2000,0,0,3000,2000,3000,2000,300,JPEG,90.14,81.578,median,81.578,97.132,1.19067,1.114402,1.114402,False,0.6,0.85,1.2,1.0,99.925,90.496,68.088
r2.jpg,221,bandit_221.jpg,3000,2000,0,0,3000,2000,3000,2000,300,JPEG,90.173,96.304,median,96.304,97.132,1.008602,1.005161,1.005161,False,0.6,0.85,1.2,1.0,90.173,96.304,68.088
r3.jpg,222,bandit_222.jpg,3000,2000,0,0,3000,2000,3000,2000,300,JPEG,88.881,68.315,median,68.315,97.132,1.421834,1.2531,1.2,True,0.6,0.85,1.2,1.0,103.655,81.519,68.088
